x-axis,2
second,Volt
-0.0250000654972,0.28721
-0.0249750654972,0.28721
-0.0249500654972,0.28721
-0.0249250654972,0.28721
-0.0249000654972,0.30731
-0.0248750654972,0.30731
-0.0248500654972,0.30731
-0.0248250654972,0.30731
-0.0248000654972,0.347511
-0.0247750654972,0.347511
-0.0247500654972,0.347511
-0.0247250654972,0.367612
-0.0247000654972,0.367612
-0.0246750654972,0.387712
-0.0246500654972,0.407813
-0.0246250654972,0.407813
-0.0246000654972,0.427913
-0.0245750654972,0.448014
-0.0245500654972,0.468114
-0.0245250654972,0.468114
-0.0245000654972,0.488215
-0.0244750654972,0.508315
-0.0244500654972,0.508315
-0.0244250654972,0.508315
-0.0244000654972,0.528416
-0.0243750654972,0.548516
-0.0243500654972,0.548516
-0.0243250654972,0.548516
-0.0243000654972,0.568617
-0.0242750654972,0.588717
-0.0242500654972,0.588717
-0.0242250654972,0.608818
-0.0242000654972,0.608818
-0.0241750654972,0.628918
-0.0241500654972,0.628918
-0.0241250654972,0.649019
-0.0241000654972,0.649019
-0.0240750654972,0.669119
-0.0240500654972,0.669119
-0.0240250654972,0.669119
-0.0240000654972,0.68922
-0.0239750654972,0.68922
-0.0239500654972,0.70932
-0.0239250654972,0.70932
-0.0239000654972,0.70932
-0.0238750654972,0.70932
-0.0238500654972,0.749521
-0.0238250654972,0.729421
-0.0238000654972,0.749521
-0.0237750654972,0.749521
-0.0237500654972,0.749521
-0.0237250654972,0.749521
-0.0237000654972,0.789722
-0.0236750654972,0.789722
-0.0236500654972,0.789722
-0.0236250654972,0.809823
-0.0236000654972,0.809823
-0.0235750654972,0.829923
-0.0235500654972,0.809823
-0.0235250654972,0.809823
-0.0235000654972,0.829923
-0.0234750654972,0.829923
-0.0234500654972,0.829923
-0.0234250654972,0.829923
-0.0234000654972,0.870124
-0.0233750654972,0.850024
-0.0233500654972,0.870124
-0.0233250654972,0.870124
-0.0233000654972,0.870124
-0.0232750654972,0.890225
-0.0232500654972,0.910325
-0.0232250654972,0.890225
-0.0232000654972,0.890225
-0.0231750654972,0.890225
-0.0231500654972,0.910325
-0.0231250654972,0.910325
-0.0231000654972,0.930426
-0.0230750654972,0.910325
-0.0230500654972,0.930426
-0.0230250654972,0.930426
-0.0230000654972,0.950526
-0.0229750654972,0.950526
-0.0229500654972,0.970627
-0.0229250654972,0.950526
-0.0229000654972,0.950526
-0.0228750654972,0.950526
-0.0228500654972,0.970627
-0.0228250654972,0.970627
-0.0228000654972,0.970627
-0.0227750654972,0.990727
-0.0227500654972,0.970627
-0.0227250654972,0.990727
-0.0227000654972,0.990727
-0.0226750654972,0.990727
-0.0226500654972,0.990727
-0.0226250654972,1.01083
-0.0226000654972,1.01083
-0.0225750654972,1.01083
-0.0225500654972,1.03093
-0.0225250654972,1.01083
-0.0225000654972,1.03093
-0.0224750654972,1.03093
-0.0224500654972,1.03093
-0.0224250654972,1.05103
-0.0224000654972,1.05103
-0.0223750654972,1.05103
-0.0223500654972,1.03093
-0.0223250654972,1.07113
-0.0223000654972,1.05103
-0.0222750654972,1.07113
-0.0222500654972,1.05103
-0.0222250654972,1.05103
-0.0222000654972,1.05103
-0.0221750654972,1.05103
-0.0221500654972,1.05103
-0.0221250654972,1.07113
-0.0221000654972,1.07113
-0.0220750654972,1.09123
-0.0220500654972,1.07113
-0.0220250654972,1.09123
-0.0220000654972,1.09123
-0.0219750654972,1.09123
-0.0219500654972,1.09123
-0.0219250654972,1.11133
-0.0219000654972,1.09123
-0.0218750654972,1.11133
-0.0218500654972,1.13143
-0.0218250654972,1.11133
-0.0218000654972,1.13143
-0.0217750654972,1.13143
-0.0217500654972,1.13143
-0.0217250654972,1.11133
-0.0217000654972,1.13143
-0.0216750654972,1.11133
-0.0216500654972,1.13143
-0.0216250654972,1.13143
-0.0216000654972,1.15153
-0.0215750654972,1.15153
-0.0215500654972,1.15153
-0.0215250654972,1.17163
-0.0215000654972,1.15153
-0.0214750654972,1.17163
-0.0214500654972,1.17163
-0.0214250654972,1.17163
-0.0214000654972,1.15153
-0.0213750654972,1.17163
-0.0213500654972,1.19173
-0.0213250654972,1.19173
-0.0213000654972,1.17163
-0.0212750654972,1.19173
-0.0212500654972,1.19173
-0.0212250654972,1.19173
-0.0212000654972,1.19173
-0.0211750654972,1.19173
-0.0211500654972,1.19173
-0.0211250654972,1.19173
-0.0211000654972,1.19173
-0.0210750654972,1.21183
-0.0210500654972,1.21183
-0.0210250654972,1.21183
-0.0210000654972,1.21183
-0.0209750654972,1.23193
-0.0209500654972,1.23193
-0.0209250654972,1.23193
-0.0209000654972,1.21183
-0.0208750654972,1.23193
-0.0208500654972,1.23193
-0.0208250654972,1.25203
-0.0208000654972,1.21183
-0.0207750654972,1.23193
-0.0207500654972,1.27213
-0.0207250654972,1.25203
-0.0207000654972,1.23193
-0.0206750654972,1.25203
-0.0206500654972,1.25203
-0.0206250654972,1.25203
-0.0206000654972,1.25203
-0.0205750654972,1.25203
-0.0205500654972,1.25203
-0.0205250654972,1.27213
-0.0205000654972,1.25203
-0.0204750654972,1.27213
-0.0204500654972,1.27213
-0.0204250654972,1.29223
-0.0204000654972,1.29223
-0.0203750654972,1.27213
-0.0203500654972,1.29223
-0.0203250654972,1.29223
-0.0203000654972,1.31234
-0.0202750654972,1.29223
-0.0202500654972,1.29223
-0.0202250654972,1.29223
-0.0202000654972,1.29223
-0.0201750654972,1.29223
-0.0201500654972,1.31234
-0.0201250654972,1.31234
-0.0201000654972,1.31234
-0.0200750654972,1.29223
-0.0200500654972,1.31234
-0.0200250654972,1.31234
-0.0200000654972,1.31234
-0.0199750654972,1.31234
-0.0199500654972,1.35254
-0.0199250654972,1.33244
-0.0199000654972,1.33244
-0.0198750654972,1.33244
-0.0198500654972,1.33244
-0.0198250654972,1.31234
-0.0198000654972,1.33244
-0.0197750654972,1.33244
-0.0197500654972,1.35254
-0.0197250654972,1.35254
-0.0197000654972,1.33244
-0.0196750654972,1.35254
-0.0196500654972,1.35254
-0.0196250654972,1.35254
-0.0196000654972,1.37264
-0.0195750654972,1.37264
-0.0195500654972,1.35254
-0.0195250654972,1.37264
-0.0195000654972,1.37264
-0.0194750654972,1.37264
-0.0194500654972,1.37264
-0.0194250654972,1.37264
-0.0194000654972,1.37264
-0.0193750654972,1.37264
-0.0193500654972,1.37264
-0.0193250654972,1.37264
-0.0193000654972,1.39274
-0.0192750654972,1.37264
-0.0192500654972,1.41284
-0.0192250654972,1.39274
-0.0192000654972,1.39274
-0.0191750654972,1.39274
-0.0191500654972,1.39274
-0.0191250654972,1.39274
-0.0191000654972,1.39274
-0.0190750654972,1.39274
-0.0190500654972,1.43294
-0.0190250654972,1.41284
-0.0190000654972,1.41284
-0.0189750654972,1.41284
-0.0189500654972,1.41284
-0.0189250654972,1.41284
-0.0189000654972,1.43294
-0.0188750654972,1.41284
-0.0188500654972,1.43294
-0.0188250654972,1.43294
-0.0188000654972,1.43294
-0.0187750654972,1.43294
-0.0187500654972,1.43294
-0.0187250654972,1.43294
-0.0187000654972,1.43294
-0.0186750654972,1.43294
-0.0186500654972,1.43294
-0.0186250654972,1.43294
-0.0186000654972,1.43294
-0.0185750654972,1.45304
-0.0185500654972,1.45304
-0.0185250654972,1.45304
-0.0185000654972,1.41284
-0.0184750654972,1.45304
-0.0184500654972,1.45304
-0.0184250654972,1.45304
-0.0184000654972,1.45304
-0.0183750654972,1.45304
-0.0183500654972,1.45304
-0.0183250654972,1.47314
-0.0183000654972,1.47314
-0.0182750654972,1.47314
-0.0182500654972,1.47314
-0.0182250654972,1.45304
-0.0182000654972,1.47314
-0.0181750654972,1.47314
-0.0181500654972,1.47314
-0.0181250654972,1.47314
-0.0181000654972,1.47314
-0.0180750654972,1.49324
-0.0180500654972,1.47314
-0.0180250654972,1.49324
-0.0180000654972,1.49324
-0.0179750654972,1.49324
-0.0179500654972,1.51334
-0.0179250654972,1.49324
-0.0179000654972,1.51334
-0.0178750654972,1.49324
-0.0178500654972,1.49324
-0.0178250654972,1.51334
-0.0178000654972,1.51334
-0.0177750654972,1.51334
-0.0177500654972,1.49324
-0.0177250654972,1.49324
-0.0177000654972,1.51334
-0.0176750654972,1.51334
-0.0176500654972,1.51334
-0.0176250654972,1.51334
-0.0176000654972,1.51334
-0.0175750654972,1.53344
-0.0175500654972,1.53344
-0.0175250654972,1.53344
-0.0175000654972,1.53344
-0.0174750654972,1.53344
-0.0174500654972,1.53344
-0.0174250654972,1.53344
-0.0174000654972,1.53344
-0.0173750654972,1.55354
-0.0173500654972,1.53344
-0.0173250654972,1.53344
-0.0173000654972,1.53344
-0.0172750654972,1.55354
-0.0172500654972,1.55354
-0.0172250654972,1.55354
-0.0172000654972,1.55354
-0.0171750654972,1.55354
-0.0171500654972,1.55354
-0.0171250654972,1.55354
-0.0171000654972,1.55354
-0.0170750654972,1.57364
-0.0170500654972,1.57364
-0.0170250654972,1.57364
-0.0170000654972,1.55354
-0.0169750654972,1.57364
-0.0169500654972,1.57364
-0.0169250654972,1.59374
-0.0169000654972,1.57364
-0.0168750654972,1.57364
-0.0168500654972,1.57364
-0.0168250654972,1.57364
-0.0168000654972,1.57364
-0.0167750654972,1.57364
-0.0167500654972,1.57364
-0.0167250654972,1.59374
-0.0167000654972,1.59374
-0.0166750654972,1.57364
-0.0166500654972,1.59374
-0.0166250654972,1.59374
-0.0166000654972,1.57364
-0.0165750654972,1.53344
-0.0165500654972,1.51334
-0.0165250654972,1.49324
-0.0165000654972,1.43294
-0.0164750654972,1.39274
-0.0164500654972,1.35254
-0.0164250654972,1.27213
-0.0164000654972,1.27213
-0.0163750654972,1.19173
-0.0163500654972,1.15153
-0.0163250654972,1.09123
-0.0163000654972,1.05103
-0.0162750654972,1.01083
-0.0162500654972,0.950526
-0.0162250654972,0.890225
-0.0162000654972,0.850024
-0.0161750654972,0.850024
-0.0161500654972,0.789722
-0.0161250654972,0.769622
-0.0161000654972,0.70932
-0.0160750654972,0.68922
-0.0160500654972,0.649019
-0.0160250654972,0.628918
-0.0160000654972,0.608818
-0.0159750654972,0.568617
-0.0159500654972,0.568617
-0.0159250654972,0.528416
-0.0159000654972,0.508315
-0.0158750654972,0.488215
-0.0158500654972,0.468114
-0.0158250654972,0.488215
-0.0158000654972,0.448014
-0.0157750654972,0.448014
-0.0157500654972,0.448014
-0.0157250654972,0.427913
-0.0157000654972,0.427913
-0.0156750654972,0.387712
-0.0156500654972,0.387712
-0.0156250654972,0.367612
-0.0156000654972,0.367612
-0.0155750654972,0.367612
-0.0155500654972,0.347511
-0.0155250654972,0.347511
-0.0155000654972,0.347511
-0.0154750654972,0.327411
-0.0154500654972,0.327411
-0.0154250654972,0.30731
-0.0154000654972,0.327411
-0.0153750654972,0.30731
-0.0153500654972,0.327411
-0.0153250654972,0.30731
-0.0153000654972,0.30731
-0.0152750654972,0.30731
-0.0152500654972,0.30731
-0.0152250654972,0.28721
-0.0152000654972,0.30731
-0.0151750654972,0.28721
-0.0151500654972,0.267109
-0.0151250654972,0.28721
-0.0151000654972,0.28721
-0.0150750654972,0.28721
-0.0150500654972,0.267109
-0.0150250654972,0.28721
-0.0150000654972,0.28721
-0.0149750654972,0.247009
-0.0149500654972,0.267109
-0.0149250654972,0.267109
-0.0149000654972,0.267109
-0.0148750654972,0.267109
-0.0148500654972,0.267109
-0.0148250654972,0.267109
-0.0148000654972,0.267109
-0.0147750654972,0.247009
-0.0147500654972,0.247009
-0.0147250654972,0.267109
-0.0147000654972,0.247009
-0.0146750654972,0.267109
-0.0146500654972,0.267109
-0.0146250654972,0.247009
-0.0146000654972,0.247009
-0.0145750654972,0.267109
-0.0145500654972,0.247009
-0.0145250654972,0.247009
-0.0145000654972,0.247009
-0.0144750654972,0.267109
-0.0144500654972,0.247009
-0.0144250654972,0.247009
-0.0144000654972,0.247009
-0.0143750654972,0.267109
-0.0143500654972,0.247009
-0.0143250654972,0.247009
-0.0143000654972,0.247009
-0.0142750654972,0.247009
-0.0142500654972,0.247009
-0.0142250654972,0.247009
-0.0142000654972,0.247009
-0.0141750654972,0.267109
-0.0141500654972,0.267109
-0.0141250654972,0.247009
-0.0141000654972,0.247009
-0.0140750654972,0.267109
-0.0140500654972,0.247009
-0.0140250654972,0.267109
-0.0140000654972,0.267109
-0.0139750654972,0.247009
-0.0139500654972,0.247009
-0.0139250654972,0.247009
-0.0139000654972,0.267109
-0.0138750654972,0.247009
-0.0138500654972,0.247009
-0.0138250654972,0.247009
-0.0138000654972,0.247009
-0.0137750654972,0.247009
-0.0137500654972,0.247009
-0.0137250654972,0.247009
-0.0137000654972,0.247009
-0.0136750654972,0.247009
-0.0136500654972,0.247009
-0.0136250654972,0.247009
-0.0136000654972,0.267109
-0.0135750654972,0.247009
-0.0135500654972,0.267109
-0.0135250654972,0.226908
-0.0135000654972,0.226908
-0.0134750654972,0.247009
-0.0134500654972,0.247009
-0.0134250654972,0.267109
-0.0134000654972,0.247009
-0.0133750654972,0.247009
-0.0133500654972,0.247009
-0.0133250654972,0.247009
-0.0133000654972,0.247009
-0.0132750654972,0.247009
-0.0132500654972,0.267109
-0.0132250654972,0.247009
-0.0132000654972,0.247009
-0.0131750654972,0.247009
-0.0131500654972,0.267109
-0.0131250654972,0.247009
-0.0131000654972,0.267109
-0.0130750654972,0.247009
-0.0130500654972,0.247009
-0.0130250654972,0.267109
-0.0130000654972,0.247009
-0.0129750654972,0.247009
-0.0129500654972,0.247009
-0.0129250654972,0.247009
-0.0129000654972,0.247009
-0.0128750654972,0.267109
-0.0128500654972,0.247009
-0.0128250654972,0.247009
-0.0128000654972,0.247009
-0.0127750654972,0.267109
-0.0127500654972,0.267109
-0.0127250654972,0.28721
-0.0127000654972,0.247009
-0.0126750654972,0.247009
-0.0126500654972,0.267109
-0.0126250654972,0.247009
-0.0126000654972,0.267109
-0.0125750654972,0.247009
-0.0125500654972,0.267109
-0.0125250654972,0.267109
-0.0125000654972,0.267109
-0.0124750654972,0.247009
-0.0124500654972,0.247009
-0.0124250654972,0.267109
-0.0124000654972,0.267109
-0.0123750654972,0.267109
-0.0123500654972,0.267109
-0.0123250654972,0.267109
-0.0123000654972,0.267109
-0.0122750654972,0.267109
-0.0122500654972,0.267109
-0.0122250654972,0.247009
-0.0122000654972,0.267109
-0.0121750654972,0.267109
-0.0121500654972,0.247009
-0.0121250654972,0.247009
-0.0121000654972,0.247009
-0.0120750654972,0.267109
-0.0120500654972,0.267109
-0.0120250654972,0.267109
-0.0120000654972,0.28721
-0.0119750654972,0.267109
-0.0119500654972,0.28721
-0.0119250654972,0.267109
-0.0119000654972,0.247009
-0.0118750654972,0.267109
-0.0118500654972,0.267109
-0.0118250654972,0.267109
-0.0118000654972,0.267109
-0.0117750654972,0.247009
-0.0117500654972,0.28721
-0.0117250654972,0.267109
-0.0117000654972,0.267109
-0.0116750654972,0.28721
-0.0116500654972,0.267109
-0.0116250654972,0.267109
-0.0116000654972,0.267109
-0.0115750654972,0.28721
-0.0115500654972,0.267109
-0.0115250654972,0.267109
-0.0115000654972,0.28721
-0.0114750654972,0.28721
-0.0114500654972,0.28721
-0.0114250654972,0.267109
-0.0114000654972,0.247009
-0.0113750654972,0.267109
-0.0113500654972,0.28721
-0.0113250654972,0.267109
-0.0113000654972,0.267109
-0.0112750654972,0.267109
-0.0112500654972,0.28721
-0.0112250654972,0.267109
-0.0112000654972,0.28721
-0.0111750654972,0.28721
-0.0111500654972,0.267109
-0.0111250654972,0.267109
-0.0111000654972,0.267109
-0.0110750654972,0.267109
-0.0110500654972,0.267109
-0.0110250654972,0.267109
-0.0110000654972,0.267109
-0.0109750654972,0.267109
-0.0109500654972,0.28721
-0.0109250654972,0.28721
-0.0109000654972,0.267109
-0.0108750654972,0.267109
-0.0108500654972,0.267109
-0.0108250654972,0.28721
-0.0108000654972,0.28721
-0.0107750654972,0.28721
-0.0107500654972,0.267109
-0.0107250654972,0.267109
-0.0107000654972,0.267109
-0.0106750654972,0.267109
-0.0106500654972,0.267109
-0.0106250654972,0.267109
-0.0106000654972,0.267109
-0.0105750654972,0.28721
-0.0105500654972,0.247009
-0.0105250654972,0.28721
-0.0105000654972,0.267109
-0.0104750654972,0.28721
-0.0104500654972,0.267109
-0.0104250654972,0.28721
-0.0104000654972,0.28721
-0.0103750654972,0.30731
-0.0103500654972,0.28721
-0.0103250654972,0.267109
-0.0103000654972,0.28721
-0.0102750654972,0.28721
-0.0102500654972,0.267109
-0.0102250654972,0.28721
-0.0102000654972,0.28721
-0.0101750654972,0.267109
-0.0101500654972,0.28721
-0.0101250654972,0.267109
-0.0101000654972,0.28721
-0.0100750654972,0.267109
-0.0100500654972,0.267109
-0.0100250654972,0.267109
-0.0100000654972,0.28721
-0.00997506549719,0.28721
-0.00995006549719,0.267109
-0.00992506549719,0.28721
-0.00990006549719,0.28721
-0.00987506549719,0.267109
-0.00985006549719,0.28721
-0.00982506549719,0.267109
-0.00980006549719,0.267109
-0.00977506549719,0.28721
-0.00975006549719,0.28721
-0.00972506549719,0.267109
-0.00970006549719,0.267109
-0.00967506549719,0.267109
-0.00965006549719,0.267109
-0.00962506549719,0.267109
-0.00960006549719,0.267109
-0.00957506549719,0.267109
-0.00955006549719,0.28721
-0.00952506549719,0.267109
-0.00950006549719,0.267109
-0.00947506549719,0.267109
-0.00945006549719,0.267109
-0.00942506549719,0.267109
-0.00940006549719,0.28721
-0.00937506549719,0.247009
-0.00935006549719,0.28721
-0.00932506549719,0.267109
-0.00930006549719,0.28721
-0.00927506549719,0.267109
-0.00925006549719,0.267109
-0.00922506549719,0.28721
-0.00920006549719,0.28721
-0.00917506549719,0.267109
-0.00915006549719,0.267109
-0.00912506549719,0.28721
-0.00910006549719,0.267109
-0.00907506549719,0.267109
-0.00905006549719,0.28721
-0.00902506549719,0.267109
-0.00900006549719,0.267109
-0.00897506549719,0.247009
-0.00895006549719,0.28721
-0.00892506549719,0.267109
-0.00890006549719,0.267109
-0.00887506549719,0.28721
-0.00885006549719,0.267109
-0.00882506549719,0.28721
-0.00880006549719,0.28721
-0.00877506549719,0.28721
-0.00875006549719,0.28721
-0.00872506549719,0.267109
-0.00870006549719,0.28721
-0.00867506549719,0.267109
-0.00865006549719,0.267109
-0.00862506549719,0.28721
-0.00860006549719,0.28721
-0.00857506549719,0.267109
-0.00855006549719,0.267109
-0.00852506549719,0.267109
-0.00850006549719,0.267109
-0.00847506549719,0.267109
-0.00845006549719,0.267109
-0.00842506549719,0.267109
-0.00840006549719,0.267109
-0.00837506549719,0.247009
-0.00835006549719,0.267109
-0.00832506549719,0.267109
-0.00830006549719,0.28721
-0.00827506549719,0.28721
-0.00825006549719,0.28721
-0.00822506549719,0.28721
-0.00820006549719,0.28721
-0.00817506549719,0.30731
-0.00815006549719,0.347511
-0.00812506549719,0.347511
-0.00810006549719,0.347511
-0.00807506549719,0.347511
-0.00805006549719,0.367612
-0.00802506549719,0.387712
-0.00800006549719,0.407813
-0.00797506549719,0.387712
-0.00795006549719,0.407813
-0.00792506549719,0.427913
-0.00790006549719,0.448014
-0.00787506549719,0.448014
-0.00785006549719,0.468114
-0.00782506549719,0.488215
-0.00780006549719,0.488215
-0.00777506549719,0.508315
-0.00775006549719,0.508315
-0.00772506549719,0.528416
-0.00770006549719,0.548516
-0.00767506549719,0.548516
-0.00765006549719,0.568617
-0.00762506549719,0.568617
-0.00760006549719,0.568617
-0.00757506549719,0.608818
-0.00755006549719,0.608818
-0.00752506549719,0.608818
-0.00750006549719,0.608818
-0.00747506549719,0.608818
-0.00745006549719,0.649019
-0.00742506549719,0.649019
-0.00740006549719,0.649019
-0.00737506549719,0.669119
-0.00735006549719,0.669119
-0.00732506549719,0.68922
-0.00730006549719,0.68922
-0.00727506549719,0.68922
-0.00725006549719,0.70932
-0.00722506549719,0.70932
-0.00720006549719,0.70932
-0.00717506549719,0.729421
-0.00715006549719,0.729421
-0.00712506549719,0.729421
-0.00710006549719,0.749521
-0.00707506549719,0.749521
-0.00705006549719,0.769622
-0.00702506549719,0.749521
-0.00700006549719,0.749521
-0.00697506549719,0.789722
-0.00695006549719,0.789722
-0.00692506549719,0.769622
-0.00690006549719,0.809823
-0.00687506549719,0.809823
-0.00685006549719,0.809823
-0.00682506549719,0.829923
-0.00680006549719,0.809823
-0.00677506549719,0.850024
-0.00675006549719,0.829923
-0.00672506549719,0.829923
-0.00670006549719,0.829923
-0.00667506549719,0.829923
-0.00665006549719,0.850024
-0.00662506549719,0.850024
-0.00660006549719,0.870124
-0.00657506549719,0.870124
-0.00655006549719,0.870124
-0.00652506549719,0.890225
-0.00650006549719,0.910325
-0.00647506549719,0.910325
-0.00645006549719,0.910325
-0.00642506549719,0.910325
-0.00640006549719,0.910325
-0.00637506549719,0.910325
-0.00635006549719,0.930426
-0.00632506549719,0.930426
-0.00630006549719,0.910325
-0.00627506549719,0.930426
-0.00625006549719,0.950526
-0.00622506549719,0.950526
-0.00620006549719,0.950526
-0.00617506549719,0.950526
-0.00615006549719,0.970627
-0.00612506549719,0.950526
-0.00610006549719,0.970627
-0.00607506549719,0.970627
-0.00605006549719,0.990727
-0.00602506549719,0.970627
-0.00600006549719,0.990727
-0.00597506549719,0.970627
-0.00595006549719,0.990727
-0.00592506549719,0.990727
-0.00590006549719,1.01083
-0.00587506549719,1.01083
-0.00585006549719,1.01083
-0.00582506549719,0.990727
-0.00580006549719,1.01083
-0.00577506549719,1.01083
-0.00575006549719,1.03093
-0.00572506549719,1.03093
-0.00570006549719,1.03093
-0.00567506549719,1.05103
-0.00565006549719,1.05103
-0.00562506549719,1.05103
-0.00560006549719,1.05103
-0.00557506549719,1.07113
-0.00555006549719,1.05103
-0.00552506549719,1.07113
-0.00550006549719,1.07113
-0.00547506549719,1.07113
-0.00545006549719,1.07113
-0.00542506549719,1.07113
-0.00540006549719,1.05103
-0.00537506549719,1.07113
-0.00535006549719,1.07113
-0.00532506549719,1.09123
-0.00530006549719,1.09123
-0.00527506549719,1.09123
-0.00525006549719,1.09123
-0.00522506549719,1.11133
-0.00520006549719,1.09123
-0.00517506549719,1.11133
-0.00515006549719,1.13143
-0.00512506549719,1.11133
-0.00510006549719,1.11133
-0.00507506549719,1.13143
-0.00505006549719,1.11133
-0.00502506549719,1.13143
-0.00500006549719,1.13143
-0.00497506549719,1.15153
-0.00495006549719,1.13143
-0.00492506549719,1.15153
-0.00490006549719,1.13143
-0.00487506549719,1.13143
-0.00485006549719,1.13143
-0.00482506549719,1.13143
-0.00480006549719,1.17163
-0.00477506549719,1.15153
-0.00475006549719,1.15153
-0.00472506549719,1.17163
-0.00470006549719,1.17163
-0.00467506549719,1.17163
-0.00465006549719,1.17163
-0.00462506549719,1.17163
-0.00460006549719,1.17163
-0.00457506549719,1.17163
-0.00455006549719,1.19173
-0.00452506549719,1.19173
-0.00450006549719,1.19173
-0.00447506549719,1.19173
-0.00445006549719,1.19173
-0.00442506549719,1.19173
-0.00440006549719,1.21183
-0.00437506549719,1.21183
-0.00435006549719,1.21183
-0.00432506549719,1.21183
-0.00430006549719,1.21183
-0.00427506549719,1.21183
-0.00425006549719,1.21183
-0.00422506549719,1.21183
-0.00420006549719,1.21183
-0.00417506549719,1.23193
-0.00415006549719,1.21183
-0.00412506549719,1.23193
-0.00410006549719,1.25203
-0.00407506549719,1.25203
-0.00405006549719,1.25203
-0.00402506549719,1.25203
-0.00400006549719,1.23193
-0.00397506549719,1.23193
-0.00395006549719,1.25203
-0.00392506549719,1.25203
-0.00390006549719,1.25203
-0.00387506549719,1.25203
-0.00385006549719,1.25203
-0.00382506549719,1.27213
-0.00380006549719,1.27213
-0.00377506549719,1.27213
-0.00375006549719,1.27213
-0.00372506549719,1.27213
-0.00370006549719,1.29223
-0.00367506549719,1.29223
-0.00365006549719,1.29223
-0.00362506549719,1.29223
-0.00360006549719,1.29223
-0.00357506549719,1.31234
-0.00355006549719,1.29223
-0.00352506549719,1.29223
-0.00350006549719,1.29223
-0.00347506549719,1.29223
-0.00345006549719,1.31234
-0.00342506549719,1.31234
-0.00340006549719,1.31234
-0.00337506549719,1.31234
-0.00335006549719,1.31234
-0.00332506549719,1.31234
-0.00330006549719,1.33244
-0.00327506549719,1.33244
-0.00325006549719,1.33244
-0.00322506549719,1.33244
-0.00320006549719,1.31234
-0.00317506549719,1.31234
-0.00315006549719,1.33244
-0.00312506549719,1.33244
-0.00310006549719,1.33244
-0.00307506549719,1.35254
-0.00305006549719,1.33244
-0.00302506549719,1.33244
-0.00300006549719,1.35254
-0.00297506549719,1.33244
-0.00295006549719,1.35254
-0.00292506549719,1.35254
-0.00290006549719,1.37264
-0.00287506549719,1.37264
-0.00285006549719,1.37264
-0.00282506549719,1.35254
-0.00280006549719,1.37264
-0.00277506549719,1.39274
-0.00275006549719,1.37264
-0.00272506549719,1.39274
-0.00270006549719,1.37264
-0.00267506549719,1.37264
-0.00265006549719,1.39274
-0.00262506549719,1.37264
-0.00260006549719,1.39274
-0.00257506549719,1.39274
-0.00255006549719,1.41284
-0.00252506549719,1.41284
-0.00250006549719,1.39274
-0.00247506549719,1.41284
-0.00245006549719,1.41284
-0.00242506549719,1.39274
-0.00240006549719,1.41284
-0.00237506549719,1.41284
-0.00235006549719,1.41284
-0.00232506549719,1.41284
-0.00230006549719,1.41284
-0.00227506549719,1.41284
-0.00225006549719,1.45304
-0.00222506549719,1.41284
-0.00220006549719,1.43294
-0.00217506549719,1.43294
-0.00215006549719,1.43294
-0.00212506549719,1.43294
-0.00210006549719,1.45304
-0.00207506549719,1.43294
-0.00205006549719,1.43294
-0.00202506549719,1.43294
-0.00200006549719,1.45304
-0.00197506549719,1.45304
-0.00195006549719,1.45304
-0.00192506549719,1.45304
-0.00190006549719,1.45304
-0.00187506549719,1.47314
-0.00185006549719,1.45304
-0.00182506549719,1.47314
-0.00180006549719,1.47314
-0.00177506549719,1.45304
-0.00175006549719,1.47314
-0.00172506549719,1.47314
-0.00170006549719,1.47314
-0.00167506549719,1.47314
-0.00165006549719,1.47314
-0.00162506549719,1.47314
-0.00160006549719,1.47314
-0.00157506549719,1.47314
-0.00155006549719,1.49324
-0.00152506549719,1.49324
-0.00150006549719,1.49324
-0.00147506549719,1.49324
-0.00145006549719,1.51334
-0.00142506549719,1.49324
-0.00140006549719,1.49324
-0.00137506549719,1.49324
-0.00135006549719,1.49324
-0.00132506549719,1.49324
-0.00130006549719,1.51334
-0.00127506549719,1.51334
-0.00125006549719,1.51334
-0.00122506549719,1.49324
-0.00120006549719,1.51334
-0.00117506549719,1.53344
-0.00115006549719,1.53344
-0.00112506549719,1.51334
-0.00110006549719,1.53344
-0.00107506549719,1.53344
-0.00105006549719,1.53344
-0.00102506549719,1.53344
-0.00100006549719,1.53344
-0.000975065497188,1.53344
-0.000950065497187,1.53344
-0.000925065497187,1.55354
-0.000900065497188,1.53344
-0.000875065497188,1.55354
-0.000850065497188,1.53344
-0.000825065497187,1.55354
-0.000800065497187,1.53344
-0.000775065497188,1.55354
-0.000750065497188,1.55354
-0.000725065497187,1.55354
-0.000700065497187,1.57364
-0.000675065497187,1.55354
-0.000650065497188,1.55354
-0.000625065497188,1.55354
-0.000600065497187,1.55354
-0.000575065497187,1.57364
-0.000550065497187,1.57364
-0.000525065497188,1.57364
-0.000500065497188,1.57364
-0.000475065497187,1.59374
-0.000450065497187,1.57364
-0.000425065497188,1.57364
-0.000400065497188,1.59374
-0.000375065497188,1.59374
-0.000350065497187,1.57364
-0.000325065497187,1.59374
-0.000300065497188,1.57364
-0.000275065497188,1.57364
-0.000250065497188,1.57364
-0.000225065497187,1.57364
-0.000200065497187,1.57364
-0.000175065497188,1.57364
-0.000150065497188,1.59374
-0.000125065497188,1.59374
-0.000100065497187,1.59374
-7.50654971875e-005,1.61384
-5.00654971875e-005,1.59374
-2.50654971875e-005,1.59374
-6.54971875e-008,1.59374
2.49345028125e-005,1.59374
4.99345028125e-005,1.57364
7.49345028125e-005,1.57364
9.99345028125e-005,1.53344
0.000124934502813,1.51334
0.000149934502813,1.47314
0.000174934502813,1.41284
0.000199934502812,1.39274
0.000224934502812,1.33244
0.000249934502813,1.29223
0.000274934502813,1.23193
0.000299934502812,1.19173
0.000324934502812,1.13143
0.000349934502812,1.07113
0.000374934502813,1.03093
0.000399934502813,0.990727
0.000424934502812,0.930426
0.000449934502812,0.890225
0.000474934502812,0.850024
0.000499934502813,0.809823
0.000524934502813,0.789722
0.000549934502812,0.729421
0.000574934502812,0.729421
0.000599934502812,0.669119
0.000624934502813,0.669119
0.000649934502813,0.608818
0.000674934502812,0.608818
0.000699934502812,0.588717
0.000724934502812,0.548516
0.000749934502813,0.548516
0.000774934502813,0.508315
0.000799934502812,0.508315
0.000824934502812,0.488215
0.000849934502813,0.468114
0.000874934502813,0.448014
0.000899934502813,0.448014
0.000924934502812,0.427913
0.000949934502812,0.407813
0.000974934502813,0.407813
0.000999934502813,0.387712
0.00102493450281,0.407813
0.00104993450281,0.387712
0.00107493450281,0.367612
0.00109993450281,0.367612
0.00112493450281,0.347511
0.00114993450281,0.347511
0.00117493450281,0.347511
0.00119993450281,0.347511
0.00122493450281,0.327411
0.00124993450281,0.327411
0.00127493450281,0.327411
0.00129993450281,0.30731
0.00132493450281,0.327411
0.00134993450281,0.30731
0.00137493450281,0.28721
0.00139993450281,0.327411
0.00142493450281,0.28721
0.00144993450281,0.28721
0.00147493450281,0.30731
0.00149993450281,0.28721
0.00152493450281,0.28721
0.00154993450281,0.28721
0.00157493450281,0.28721
0.00159993450281,0.267109
0.00162493450281,0.267109
0.00164993450281,0.28721
0.00167493450281,0.267109
0.00169993450281,0.267109
0.00172493450281,0.247009
0.00174993450281,0.267109
0.00177493450281,0.28721
0.00179993450281,0.267109
0.00182493450281,0.267109
0.00184993450281,0.247009
0.00187493450281,0.267109
0.00189993450281,0.267109
0.00192493450281,0.267109
0.00194993450281,0.267109
0.00197493450281,0.247009
0.00199993450281,0.247009
0.00202493450281,0.267109
0.00204993450281,0.226908
0.00207493450281,0.247009
0.00209993450281,0.247009
0.00212493450281,0.247009
0.00214993450281,0.247009
0.00217493450281,0.247009
0.00219993450281,0.247009
0.00222493450281,0.247009
0.00224993450281,0.267109
0.00227493450281,0.247009
0.00229993450281,0.247009
0.00232493450281,0.247009
0.00234993450281,0.247009
0.00237493450281,0.247009
0.00239993450281,0.247009
0.00242493450281,0.226908
0.00244993450281,0.247009
0.00247493450281,0.247009
0.00249993450281,0.247009
0.00252493450281,0.226908
0.00254993450281,0.247009
0.00257493450281,0.267109
0.00259993450281,0.226908
0.00262493450281,0.247009
0.00264993450281,0.226908
0.00267493450281,0.226908
0.00269993450281,0.247009
0.00272493450281,0.226908
0.00274993450281,0.226908
0.00277493450281,0.226908
0.00279993450281,0.226908
0.00282493450281,0.226908
0.00284993450281,0.247009
0.00287493450281,0.247009
0.00289993450281,0.247009
0.00292493450281,0.226908
0.00294993450281,0.247009
0.00297493450281,0.226908
0.00299993450281,0.247009
0.00302493450281,0.247009
0.00304993450281,0.226908
0.00307493450281,0.226908
0.00309993450281,0.247009
0.00312493450281,0.226908
0.00314993450281,0.247009
0.00317493450281,0.247009
0.00319993450281,0.226908
0.00322493450281,0.226908
0.00324993450281,0.226908
0.00327493450281,0.247009
0.00329993450281,0.247009
0.00332493450281,0.226908
0.00334993450281,0.247009
0.00337493450281,0.226908
0.00339993450281,0.226908
0.00342493450281,0.226908
0.00344993450281,0.247009
0.00347493450281,0.226908
0.00349993450281,0.247009
0.00352493450281,0.226908
0.00354993450281,0.226908
0.00357493450281,0.267109
0.00359993450281,0.247009
0.00362493450281,0.226908
0.00364993450281,0.247009
0.00367493450281,0.247009
0.00369993450281,0.226908
0.00372493450281,0.247009
0.00374993450281,0.247009
0.00377493450281,0.247009
0.00379993450281,0.226908
0.00382493450281,0.247009
0.00384993450281,0.247009
0.00387493450281,0.247009
0.00389993450281,0.267109
0.00392493450281,0.247009
0.00394993450281,0.247009
0.00397493450281,0.247009
0.00399993450281,0.247009
0.00402493450281,0.267109
0.00404993450281,0.267109
0.00407493450281,0.247009
0.00409993450281,0.267109
0.00412493450281,0.247009
0.00414993450281,0.247009
0.00417493450281,0.226908
0.00419993450281,0.247009
0.00422493450281,0.247009
0.00424993450281,0.267109
0.00427493450281,0.247009
0.00429993450281,0.267109
0.00432493450281,0.247009
0.00434993450281,0.247009
0.00437493450281,0.247009
0.00439993450281,0.226908
0.00442493450281,0.247009
0.00444993450281,0.247009
0.00447493450281,0.267109
0.00449993450281,0.267109
0.00452493450281,0.267109
0.00454993450281,0.267109
0.00457493450281,0.247009
0.00459993450281,0.247009
0.00462493450281,0.247009
0.00464993450281,0.267109
0.00467493450281,0.247009
0.00469993450281,0.247009
0.00472493450281,0.267109
0.00474993450281,0.267109
0.00477493450281,0.267109
0.00479993450281,0.247009
0.00482493450281,0.247009
0.00484993450281,0.247009
0.00487493450281,0.247009
0.00489993450281,0.267109
0.00492493450281,0.247009
0.00494993450281,0.267109
0.00497493450281,0.267109
0.00499993450281,0.247009
0.00502493450281,0.247009
0.00504993450281,0.267109
0.00507493450281,0.267109
0.00509993450281,0.247009
0.00512493450281,0.267109
0.00514993450281,0.267109
0.00517493450281,0.247009
0.00519993450281,0.247009
0.00522493450281,0.267109
0.00524993450281,0.267109
0.00527493450281,0.247009
0.00529993450281,0.267109
0.00532493450281,0.28721
0.00534993450281,0.267109
0.00537493450281,0.247009
0.00539993450281,0.267109
0.00542493450281,0.267109
0.00544993450281,0.267109
0.00547493450281,0.267109
0.00549993450281,0.267109
0.00552493450281,0.267109
0.00554993450281,0.247009
0.00557493450281,0.267109
0.00559993450281,0.267109
0.00562493450281,0.267109
0.00564993450281,0.267109
0.00567493450281,0.247009
0.00569993450281,0.267109
0.00572493450281,0.267109
0.00574993450281,0.267109
0.00577493450281,0.247009
0.00579993450281,0.267109
0.00582493450281,0.267109
0.00584993450281,0.28721
0.00587493450281,0.267109
0.00589993450281,0.247009
0.00592493450281,0.267109
0.00594993450281,0.28721
0.00597493450281,0.28721
0.00599993450281,0.267109
0.00602493450281,0.267109
0.00604993450281,0.28721
0.00607493450281,0.28721
0.00609993450281,0.267109
0.00612493450281,0.267109
0.00614993450281,0.28721
0.00617493450281,0.28721
0.00619993450281,0.28721
0.00622493450281,0.267109
0.00624993450281,0.28721
0.00627493450281,0.28721
0.00629993450281,0.267109
0.00632493450281,0.247009
0.00634993450281,0.267109
0.00637493450281,0.267109
0.00639993450281,0.267109
0.00642493450281,0.267109
0.00644993450281,0.267109
0.00647493450281,0.28721
0.00649993450281,0.267109
0.00652493450281,0.28721
0.00654993450281,0.267109
0.00657493450281,0.267109
0.00659993450281,0.267109
0.00662493450281,0.267109
0.00664993450281,0.28721
0.00667493450281,0.28721
0.00669993450281,0.28721
0.00672493450281,0.267109
0.00674993450281,0.28721
0.00677493450281,0.28721
0.00679993450281,0.28721
0.00682493450281,0.28721
0.00684993450281,0.28721
0.00687493450281,0.267109
0.00689993450281,0.267109
0.00692493450281,0.267109
0.00694993450281,0.28721
0.00697493450281,0.28721
0.00699993450281,0.28721
0.00702493450281,0.28721
0.00704993450281,0.28721
0.00707493450281,0.267109
0.00709993450281,0.28721
0.00712493450281,0.267109
0.00714993450281,0.28721
0.00717493450281,0.28721
0.00719993450281,0.267109
0.00722493450281,0.28721
0.00724993450281,0.30731
0.00727493450281,0.28721
0.00729993450281,0.28721
0.00732493450281,0.28721
0.00734993450281,0.267109
0.00737493450281,0.28721
0.00739993450281,0.28721
0.00742493450281,0.28721
0.00744993450281,0.28721
0.00747493450281,0.28721
0.00749993450281,0.267109
0.00752493450281,0.267109
0.00754993450281,0.28721
0.00757493450281,0.28721
0.00759993450281,0.28721
0.00762493450281,0.28721
0.00764993450281,0.267109
0.00767493450281,0.28721
0.00769993450281,0.28721
0.00772493450281,0.28721
0.00774993450281,0.28721
0.00777493450281,0.28721
0.00779993450281,0.28721
0.00782493450281,0.267109
0.00784993450281,0.28721
0.00787493450281,0.28721
0.00789993450281,0.28721
0.00792493450281,0.267109
0.00794993450281,0.28721
0.00797493450281,0.267109
0.00799993450281,0.28721
0.00802493450281,0.28721
0.00804993450281,0.267109
0.00807493450281,0.267109
0.00809993450281,0.28721
0.00812493450281,0.28721
0.00814993450281,0.28721
0.00817493450281,0.28721
0.00819993450281,0.28721
0.00822493450281,0.28721
0.00824993450281,0.28721
0.00827493450281,0.267109
0.00829993450281,0.28721
0.00832493450281,0.28721
0.00834993450281,0.28721
0.00837493450281,0.267109
0.00839993450281,0.30731
0.00842493450281,0.267109
0.00844993450281,0.30731
0.00847493450281,0.327411
0.00849993450281,0.327411
0.00852493450281,0.327411
0.00854993450281,0.367612
0.00857493450281,0.367612
0.00859993450281,0.367612
0.00862493450281,0.387712
0.00864993450281,0.407813
0.00867493450281,0.407813
0.00869993450281,0.427913
0.00872493450281,0.468114
0.00874993450281,0.448014
0.00877493450281,0.488215
0.00879993450281,0.488215
0.00882493450281,0.468114
0.00884993450281,0.508315
0.00887493450281,0.508315
0.00889993450281,0.528416
0.00892493450281,0.548516
0.00894993450281,0.548516
0.00897493450281,0.548516
0.00899993450281,0.568617
0.00902493450281,0.568617
0.00904993450281,0.608818
0.00907493450281,0.588717
0.00909993450281,0.608818
0.00912493450281,0.608818
0.00914993450281,0.628918
0.00917493450281,0.628918
0.00919993450281,0.628918
0.00922493450281,0.649019
0.00924993450281,0.669119
0.00927493450281,0.669119
0.00929993450281,0.669119
0.00932493450281,0.68922
0.00934993450281,0.68922
0.00937493450281,0.70932
0.00939993450281,0.70932
0.00942493450281,0.729421
0.00944993450281,0.729421
0.00947493450281,0.70932
0.00949993450281,0.729421
0.00952493450281,0.749521
0.00954993450281,0.749521
0.00957493450281,0.769622
0.00959993450281,0.769622
0.00962493450281,0.769622
0.00964993450281,0.789722
0.00967493450281,0.789722
0.00969993450281,0.789722
0.00972493450281,0.809823
0.00974993450281,0.789722
0.00977493450281,0.829923
0.00979993450281,0.829923
0.00982493450281,0.829923
0.00984993450281,0.809823
0.00987493450281,0.850024
0.00989993450281,0.850024
0.00992493450281,0.850024
0.00994993450281,0.870124
0.00997493450281,0.870124
0.00999993450281,0.870124
0.0100249345028,0.870124
0.0100499345028,0.870124
0.0100749345028,0.890225
0.0100999345028,0.870124
0.0101249345028,0.890225
0.0101499345028,0.890225
0.0101749345028,0.910325
0.0101999345028,0.910325
0.0102249345028,0.910325
0.0102499345028,0.910325
0.0102749345028,0.910325
0.0102999345028,0.950526
0.0103249345028,0.950526
0.0103499345028,0.950526
0.0103749345028,0.930426
0.0103999345028,0.970627
0.0104249345028,0.950526
0.0104499345028,0.950526
0.0104749345028,0.930426
0.0104999345028,0.970627
0.0105249345028,0.970627
0.0105499345028,0.970627
0.0105749345028,0.970627
0.0105999345028,0.970627
0.0106249345028,0.990727
0.0106499345028,0.990727
0.0106749345028,0.990727
0.0106999345028,0.990727
0.0107249345028,0.970627
0.0107499345028,0.990727
0.0107749345028,0.990727
0.0107999345028,1.01083
0.0108249345028,1.03093
0.0108499345028,1.03093
0.0108749345028,1.01083
0.0108999345028,1.03093
0.0109249345028,1.03093
0.0109499345028,1.03093
0.0109749345028,1.03093
0.0109999345028,1.03093
0.0110249345028,1.05103
0.0110499345028,1.05103
0.0110749345028,1.05103
0.0110999345028,1.05103
0.0111249345028,1.05103
0.0111499345028,1.05103
0.0111749345028,1.07113
0.0111999345028,1.07113
0.0112249345028,1.07113
0.0112499345028,1.07113
0.0112749345028,1.07113
0.0112999345028,1.07113
0.0113249345028,1.07113
0.0113499345028,1.09123
0.0113749345028,1.09123
0.0113999345028,1.11133
0.0114249345028,1.09123
0.0114499345028,1.11133
0.0114749345028,1.09123
0.0114999345028,1.09123
0.0115249345028,1.09123
0.0115499345028,1.11133
0.0115749345028,1.11133
0.0115999345028,1.11133
0.0116249345028,1.11133
0.0116499345028,1.11133
0.0116749345028,1.11133
0.0116999345028,1.13143
0.0117249345028,1.13143
0.0117499345028,1.13143
0.0117749345028,1.13143
0.0117999345028,1.15153
0.0118249345028,1.15153
0.0118499345028,1.15153
0.0118749345028,1.15153
0.0118999345028,1.15153
0.0119249345028,1.17163
0.0119499345028,1.15153
0.0119749345028,1.15153
0.0119999345028,1.17163
0.0120249345028,1.17163
0.0120499345028,1.17163
0.0120749345028,1.17163
0.0120999345028,1.17163
0.0121249345028,1.17163
0.0121499345028,1.19173
0.0121749345028,1.17163
0.0121999345028,1.19173
0.0122249345028,1.19173
0.0122499345028,1.21183
0.0122749345028,1.19173
0.0122999345028,1.19173
0.0123249345028,1.21183
0.0123499345028,1.21183
0.0123749345028,1.21183
0.0123999345028,1.21183
0.0124249345028,1.23193
0.0124499345028,1.21183
0.0124749345028,1.21183
0.0124999345028,1.23193
0.0125249345028,1.21183
0.0125499345028,1.21183
0.0125749345028,1.21183
0.0125999345028,1.23193
0.0126249345028,1.23193
0.0126499345028,1.23193
0.0126749345028,1.23193
0.0126999345028,1.25203
0.0127249345028,1.23193
0.0127499345028,1.23193
0.0127749345028,1.25203
0.0127999345028,1.25203
0.0128249345028,1.25203
0.0128499345028,1.27213
0.0128749345028,1.25203
0.0128999345028,1.25203
0.0129249345028,1.25203
0.0129499345028,1.27213
0.0129749345028,1.27213
0.0129999345028,1.27213
0.0130249345028,1.29223
0.0130499345028,1.27213
0.0130749345028,1.27213
0.0130999345028,1.29223
0.0131249345028,1.29223
0.0131499345028,1.27213
0.0131749345028,1.29223
0.0131999345028,1.31234
0.0132249345028,1.31234
0.0132499345028,1.31234
0.0132749345028,1.29223
0.0132999345028,1.31234
0.0133249345028,1.29223
0.0133499345028,1.29223
0.0133749345028,1.31234
0.0133999345028,1.31234
0.0134249345028,1.33244
0.0134499345028,1.29223
0.0134749345028,1.31234
0.0134999345028,1.31234
0.0135249345028,1.31234
0.0135499345028,1.33244
0.0135749345028,1.35254
0.0135999345028,1.33244
0.0136249345028,1.33244
0.0136499345028,1.33244
0.0136749345028,1.33244
0.0136999345028,1.33244
0.0137249345028,1.33244
0.0137499345028,1.37264
0.0137749345028,1.37264
0.0137999345028,1.33244
0.0138249345028,1.35254
0.0138499345028,1.35254
0.0138749345028,1.37264
0.0138999345028,1.35254
0.0139249345028,1.35254
0.0139499345028,1.37264
0.0139749345028,1.39274
0.0139999345028,1.37264
0.0140249345028,1.37264
0.0140499345028,1.37264
0.0140749345028,1.37264
0.0140999345028,1.37264
0.0141249345028,1.39274
0.0141499345028,1.39274
0.0141749345028,1.39274
0.0141999345028,1.39274
0.0142249345028,1.41284
0.0142499345028,1.39274
0.0142749345028,1.39274
0.0142999345028,1.41284
0.0143249345028,1.41284
0.0143499345028,1.39274
0.0143749345028,1.39274
0.0143999345028,1.41284
0.0144249345028,1.41284
0.0144499345028,1.41284
0.0144749345028,1.41284
0.0144999345028,1.43294
0.0145249345028,1.41284
0.0145499345028,1.43294
0.0145749345028,1.41284
0.0145999345028,1.43294
0.0146249345028,1.43294
0.0146499345028,1.43294
0.0146749345028,1.41284
0.0146999345028,1.47314
0.0147249345028,1.43294
0.0147499345028,1.43294
0.0147749345028,1.45304
0.0147999345028,1.43294
0.0148249345028,1.43294
0.0148499345028,1.45304
0.0148749345028,1.45304
0.0148999345028,1.45304
0.0149249345028,1.45304
0.0149499345028,1.47314
0.0149749345028,1.45304
0.0149999345028,1.47314
0.0150249345028,1.49324
0.0150499345028,1.47314
0.0150749345028,1.49324
0.0150999345028,1.47314
0.0151249345028,1.49324
0.0151499345028,1.47314
0.0151749345028,1.49324
0.0151999345028,1.49324
0.0152249345028,1.49324
0.0152499345028,1.49324
0.0152749345028,1.49324
0.0152999345028,1.49324
0.0153249345028,1.49324
0.0153499345028,1.49324
0.0153749345028,1.49324
0.0153999345028,1.49324
0.0154249345028,1.51334
0.0154499345028,1.51334
0.0154749345028,1.49324
0.0154999345028,1.49324
0.0155249345028,1.49324
0.0155499345028,1.51334
0.0155749345028,1.51334
0.0155999345028,1.51334
0.0156249345028,1.51334
0.0156499345028,1.51334
0.0156749345028,1.53344
0.0156999345028,1.53344
0.0157249345028,1.51334
0.0157499345028,1.51334
0.0157749345028,1.53344
0.0157999345028,1.55354
0.0158249345028,1.53344
0.0158499345028,1.55354
0.0158749345028,1.51334
0.0158999345028,1.55354
0.0159249345028,1.55354
0.0159499345028,1.55354
0.0159749345028,1.55354
0.0159999345028,1.55354
0.0160249345028,1.53344
0.0160499345028,1.55354
0.0160749345028,1.57364
0.0160999345028,1.55354
0.0161249345028,1.55354
0.0161499345028,1.55354
0.0161749345028,1.57364
0.0161999345028,1.57364
0.0162249345028,1.55354
0.0162499345028,1.57364
0.0162749345028,1.57364
0.0162999345028,1.59374
0.0163249345028,1.57364
0.0163499345028,1.57364
0.0163749345028,1.59374
0.0163999345028,1.57364
0.0164249345028,1.57364
0.0164499345028,1.59374
0.0164749345028,1.57364
0.0164999345028,1.57364
0.0165249345028,1.59374
0.0165499345028,1.59374
0.0165749345028,1.57364
0.0165999345028,1.59374
0.0166249345028,1.61384
0.0166499345028,1.61384
0.0166749345028,1.61384
0.0166999345028,1.59374
0.0167249345028,1.57364
0.0167499345028,1.55354
0.0167749345028,1.53344
0.0167999345028,1.51334
0.0168249345028,1.47314
0.0168499345028,1.41284
0.0168749345028,1.37264
0.0168999345028,1.33244
0.0169249345028,1.27213
0.0169499345028,1.21183
0.0169749345028,1.15153
0.0169999345028,1.13143
0.0170249345028,1.07113
0.0170499345028,1.01083
0.0170749345028,0.970627
0.0170999345028,0.930426
0.0171249345028,0.870124
0.0171499345028,0.850024
0.0171749345028,0.809823
0.0171999345028,0.769622
0.0172249345028,0.729421
0.0172499345028,0.70932
0.0172749345028,0.669119
0.0172999345028,0.669119
0.0173249345028,0.628918
0.0173499345028,0.588717
0.0173749345028,0.588717
0.0173999345028,0.548516
0.0174249345028,0.528416
0.0174499345028,0.508315
0.0174749345028,0.508315
0.0174999345028,0.468114
0.0175249345028,0.448014
0.0175499345028,0.468114
0.0175749345028,0.448014
0.0175999345028,0.448014
0.0176249345028,0.407813
0.0176499345028,0.407813
0.0176749345028,0.407813
0.0176999345028,0.387712
0.0177249345028,0.367612
0.0177499345028,0.387712
0.0177749345028,0.347511
0.0177999345028,0.367612
0.0178249345028,0.367612
0.0178499345028,0.347511
0.0178749345028,0.347511
0.0178999345028,0.327411
0.0179249345028,0.327411
0.0179499345028,0.327411
0.0179749345028,0.327411
0.0179999345028,0.327411
0.0180249345028,0.327411
0.0180499345028,0.30731
0.0180749345028,0.30731
0.0180999345028,0.30731
0.0181249345028,0.30731
0.0181499345028,0.28721
0.0181749345028,0.28721
0.0181999345028,0.30731
0.0182249345028,0.28721
0.0182499345028,0.30731
0.0182749345028,0.28721
0.0182999345028,0.30731
0.0183249345028,0.267109
0.0183499345028,0.30731
0.0183749345028,0.267109
0.0183999345028,0.28721
0.0184249345028,0.267109
0.0184499345028,0.267109
0.0184749345028,0.267109
0.0184999345028,0.28721
0.0185249345028,0.28721
0.0185499345028,0.28721
0.0185749345028,0.28721
0.0185999345028,0.226908
0.0186249345028,0.267109
0.0186499345028,0.267109
0.0186749345028,0.267109
0.0186999345028,0.267109
0.0187249345028,0.247009
0.0187499345028,0.267109
0.0187749345028,0.267109
0.0187999345028,0.247009
0.0188249345028,0.267109
0.0188499345028,0.267109
0.0188749345028,0.267109
0.0188999345028,0.267109
0.0189249345028,0.247009
0.0189499345028,0.267109
0.0189749345028,0.247009
0.0189999345028,0.247009
0.0190249345028,0.247009
0.0190499345028,0.267109
0.0190749345028,0.267109
0.0190999345028,0.247009
0.0191249345028,0.267109
0.0191499345028,0.247009
0.0191749345028,0.267109
0.0191999345028,0.267109
0.0192249345028,0.267109
0.0192499345028,0.247009
0.0192749345028,0.247009
0.0192999345028,0.247009
0.0193249345028,0.226908
0.0193499345028,0.267109
0.0193749345028,0.267109
0.0193999345028,0.247009
0.0194249345028,0.247009
0.0194499345028,0.247009
0.0194749345028,0.247009
0.0194999345028,0.267109
0.0195249345028,0.267109
0.0195499345028,0.247009
0.0195749345028,0.247009
0.0195999345028,0.247009
0.0196249345028,0.267109
0.0196499345028,0.267109
0.0196749345028,0.247009
0.0196999345028,0.247009
0.0197249345028,0.267109
0.0197499345028,0.267109
0.0197749345028,0.267109
0.0197999345028,0.247009
0.0198249345028,0.247009
0.0198499345028,0.247009
0.0198749345028,0.247009
0.0198999345028,0.267109
0.0199249345028,0.267109
0.0199499345028,0.247009
0.0199749345028,0.267109
0.0199999345028,0.247009
0.0200249345028,0.267109
0.0200499345028,0.226908
0.0200749345028,0.247009
0.0200999345028,0.247009
0.0201249345028,0.267109
0.0201499345028,0.247009
0.0201749345028,0.267109
0.0201999345028,0.247009
0.0202249345028,0.267109
0.0202499345028,0.267109
0.0202749345028,0.247009
0.0202999345028,0.247009
0.0203249345028,0.247009
0.0203499345028,0.267109
0.0203749345028,0.267109
0.0203999345028,0.247009
0.0204249345028,0.267109
0.0204499345028,0.267109
0.0204749345028,0.267109
0.0204999345028,0.247009
0.0205249345028,0.267109
0.0205499345028,0.247009
0.0205749345028,0.247009
0.0205999345028,0.247009
0.0206249345028,0.267109
0.0206499345028,0.247009
0.0206749345028,0.247009
0.0206999345028,0.247009
0.0207249345028,0.247009
0.0207499345028,0.247009
0.0207749345028,0.247009
0.0207999345028,0.247009
0.0208249345028,0.267109
0.0208499345028,0.247009
0.0208749345028,0.247009
0.0208999345028,0.267109
0.0209249345028,0.247009
0.0209499345028,0.247009
0.0209749345028,0.267109
0.0209999345028,0.267109
0.0210249345028,0.247009
0.0210499345028,0.267109
0.0210749345028,0.247009
0.0210999345028,0.267109
0.0211249345028,0.247009
0.0211499345028,0.247009
0.0211749345028,0.226908
0.0211999345028,0.267109
0.0212249345028,0.247009
0.0212499345028,0.247009
0.0212749345028,0.247009
0.0212999345028,0.247009
0.0213249345028,0.247009
0.0213499345028,0.267109
0.0213749345028,0.247009
0.0213999345028,0.267109
0.0214249345028,0.267109
0.0214499345028,0.267109
0.0214749345028,0.247009
0.0214999345028,0.267109
0.0215249345028,0.267109
0.0215499345028,0.267109
0.0215749345028,0.247009
0.0215999345028,0.267109
0.0216249345028,0.267109
0.0216499345028,0.267109
0.0216749345028,0.247009
0.0216999345028,0.267109
0.0217249345028,0.267109
0.0217499345028,0.267109
0.0217749345028,0.247009
0.0217999345028,0.247009
0.0218249345028,0.267109
0.0218499345028,0.267109
0.0218749345028,0.247009
0.0218999345028,0.267109
0.0219249345028,0.247009
0.0219499345028,0.247009
0.0219749345028,0.247009
0.0219999345028,0.267109
0.0220249345028,0.267109
0.0220499345028,0.267109
0.0220749345028,0.267109
0.0220999345028,0.247009
0.0221249345028,0.247009
0.0221499345028,0.267109
0.0221749345028,0.267109
0.0221999345028,0.267109
0.0222249345028,0.267109
0.0222499345028,0.247009
0.0222749345028,0.267109
0.0222999345028,0.267109
0.0223249345028,0.267109
0.0223499345028,0.267109
0.0223749345028,0.267109
0.0223999345028,0.247009
0.0224249345028,0.247009
0.0224499345028,0.267109
0.0224749345028,0.247009
0.0224999345028,0.267109
0.0225249345028,0.247009
0.0225499345028,0.247009
0.0225749345028,0.267109
0.0225999345028,0.267109
0.0226249345028,0.247009
0.0226499345028,0.267109
0.0226749345028,0.267109
0.0226999345028,0.267109
0.0227249345028,0.267109
0.0227499345028,0.267109
0.0227749345028,0.28721
0.0227999345028,0.267109
0.0228249345028,0.267109
0.0228499345028,0.247009
0.0228749345028,0.267109
0.0228999345028,0.267109
0.0229249345028,0.267109
0.0229499345028,0.267109
0.0229749345028,0.247009
0.0229999345028,0.267109
0.0230249345028,0.267109
0.0230499345028,0.247009
0.0230749345028,0.267109
0.0230999345028,0.267109
0.0231249345028,0.247009
0.0231499345028,0.247009
0.0231749345028,0.267109
0.0231999345028,0.267109
0.0232249345028,0.267109
0.0232499345028,0.267109
0.0232749345028,0.267109
0.0232999345028,0.267109
0.0233249345028,0.267109
0.0233499345028,0.267109
0.0233749345028,0.28721
0.0233999345028,0.267109
0.0234249345028,0.267109
0.0234499345028,0.267109
0.0234749345028,0.267109
0.0234999345028,0.267109
0.0235249345028,0.267109
0.0235499345028,0.247009
0.0235749345028,0.267109
0.0235999345028,0.267109
0.0236249345028,0.267109
0.0236499345028,0.247009
0.0236749345028,0.267109
0.0236999345028,0.267109
0.0237249345028,0.267109
0.0237499345028,0.267109
0.0237749345028,0.247009
0.0237999345028,0.267109
0.0238249345028,0.247009
0.0238499345028,0.267109
0.0238749345028,0.267109
0.0238999345028,0.267109
0.0239249345028,0.267109
0.0239499345028,0.267109
0.0239749345028,0.247009
0.0239999345028,0.247009
0.0240249345028,0.267109
0.0240499345028,0.247009
0.0240749345028,0.267109
0.0240999345028,0.247009
0.0241249345028,0.247009
0.0241499345028,0.267109
0.0241749345028,0.247009
0.0241999345028,0.267109
0.0242249345028,0.28721
0.0242499345028,0.267109
0.0242749345028,0.267109
0.0242999345028,0.267109
0.0243249345028,0.267109
0.0243499345028,0.267109
0.0243749345028,0.267109
0.0243999345028,0.247009
0.0244249345028,0.267109
0.0244499345028,0.28721
0.0244749345028,0.267109
0.0244999345028,0.267109
0.0245249345028,0.247009
0.0245499345028,0.247009
0.0245749345028,0.267109
0.0245999345028,0.247009
0.0246249345028,0.267109
0.0246499345028,0.267109
0.0246749345028,0.267109
0.0246999345028,0.267109
0.0247249345028,0.267109
0.0247499345028,0.267109
0.0247749345028,0.267109
0.0247999345028,0.28721
0.0248249345028,0.267109
0.0248499345028,0.267109
0.0248749345028,0.267109
0.0248999345028,0.267109
0.0249249345028,0.247009
0.0249499345028,0.28721
0.0249749345028,0.28721